term_ccn,dept_name,catalog_id,instruction_format,section_num
2005-D-43132,INTEGBI,131,LEC,001
2008-D-49688,LAW,2723,SEM,001
2009-B-49985,LAW,27171,SEM,002
2009-B-81852,SOCIOL,150A,LEC,001
2009-B-87384,STAT,21,LEC,001
2009-D-39612,HISTORY,162A,LEC,001
2009-D-54296,MATH,53,LEC,001
2009-D-87303,STAT,2,LEC,001
2009-D-87441,STAT,21,LEC,002
2010-B-11206,CHEM,1A,LEC,002
2010-B-25485,EL ENG,141,LEC,001
2010-B-25815,EL ENG,240,LEC,001
2010-B-26275,COMPSCI,61A,LEC,001
2010-B-51962,L & S,C70V,LEC,001
2010-B-69390,PHYSICS,C10,LEC,001
2010-B-76238,PB HLTH,253E,LEC,001
2010-B-7703,BIOLOGY,1A,LEC,001
2010-B-7784,BIOLOGY,1AL,LEC,001
2010-B-7859,BIOLOGY,1B,LEC,001
2010-B-87405,STAT,21,LEC,001
2010-D-10753,CHEM,1A,LEC,001
2010-D-10966,CHEM,3B,LEC,002
2010-D-1203,ENVECON,C1,LEC,001
2010-D-1326,ENVECON,C181,LEC,001
2010-D-18603,DEV STD,C10,LEC,001
2010-D-22369,ECON,C3,LEC,001
2010-D-22684,ECON,C181,LEC,001
2010-D-25248,EL ENG,40,LEC,001
2010-D-25491,EL ENG,141,LEC,001
2010-D-25821,EL ENG,C245,LEC,001
2010-D-26250,COMPSCI,10,LEC,001
2010-D-26275,COMPSCI,61A,LEC,001
2010-D-26512,COMPSCI,162,LEC,001
2010-D-26536,COMPSCI,169,LEC,001
2010-D-36442,GEOG,C32,LEC,001
2010-D-39060,HISTORY,5,LEC,001
2010-D-52040,L & S,C70V,LEC,001
2010-D-53879,MATH,16B,LEC,001
2010-D-56102,MEC ENG,C218,LEC,001
2010-D-69342,PHYSICS,C10,LEC,001
2010-D-7253,BIOLOGY,1A,LEC,001
2010-D-7334,BIOLOGY,1AL,LEC,001
2010-D-7409,BIOLOGY,1B,LEC,001
2010-D-76244,PB HLTH,251D,LEC,001
2010-D-76268,PB HLTH,257B,LEC,001
2010-D-87392,STAT,20,LEC,003
2011-B-10953,CHEM,1A,LEC,001
2011-B-1203,ENVECON,C1,LEC,001
2011-B-12230,CHEM,C234,LEC,001
2011-B-16066,COG SCI,C102,LEC,001
2011-B-16096,COG SCI,C103,LEC,001
2011-B-22375,ECON,C3,LEC,001
2011-B-25461,EL ENG,140,LEC,001
2011-B-25479,EL ENG,141,LEC,001
2011-B-25539,EL ENG,C149,LEC,001
2011-B-25830,EL ENG,240,LEC,001
2011-B-25848,EL ENG,290C,LEC,001
2011-B-26230,COMPSCI,10,LEC,001
2011-B-26281,COMPSCI,61A,LEC,001
2011-B-26476,COMPSCI,C149,LEC,001
2011-B-26554,COMPSCI,164,LEC,001
2011-B-29383,ESPM,114,LEC,001
2011-B-39621,HISTORY,162B,LEC,001
2011-B-39702,HISTORY,C192,LEC,001
2011-B-42503,INFO,C103,LEC,001
2011-B-4303,ART,8,LEC,001
2011-B-46448,IAS,107,LEC,001
2011-B-46508,IAS,207,LEC,002
2011-B-4771,ART,23AC,LEC,001
2011-B-55652,MEC ENG,110,LEC,001
2011-B-56742,MEDIAST,C104C,LEC,001
2011-B-58450,MCELLBI,C148,LEC,001
2011-B-5953,ASTRON,7B,LEC,001
2011-B-6999,BIO ENG,200,SEM,001
2011-B-70516,PLANTBI,C148,LEC,001
2011-B-71798,POL SCI,179,LEC,001
2011-B-7253,BIOLOGY,1A,LEC,001
2011-B-7334,BIOLOGY,1AL,LEC,001
2011-B-7409,BIOLOGY,1B,LEC,001
2011-B-74124,PSYCH,C129,LEC,001
2011-B-76174,PB HLTH,C234,LEC,001
2011-B-76175,PB HLTH,241,LEC,001
2011-B-76202,PB HLTH,253B,LEC,001
2011-B-76205,PB HLTH,253E,LEC,001
2011-B-81878,SOCIOL,185,SEM,001
2011-B-8344,UGBA,196,LEC,006
2011-D-10953,CHEM,1A,LEC,001
2011-D-11187,CHEM,3B,LEC,002
2011-D-1203,ENVECON,C1,LEC,001
2011-D-1221,ENVECON,100,LEC,001
2011-D-19009,EPS,C20,LEC,001
2011-D-22303,ECON,1,LEC,001
2011-D-22372,ECON,C3,LEC,001
2011-D-22570,ECON,119,LEC,001
2011-D-25293,EL ENG,42,LEC,001
2011-D-25344,EL ENG,100,LEC,001
2011-D-25392,EL ENG,105,LEC,001
2011-D-25503,EL ENG,141,LEC,001
2011-D-25845,EL ENG,C245,LEC,001
2011-D-26230,COMPSCI,10,LEC,001
2011-D-26371,COMPSCI,61B,LEC,001
2011-D-26398,COMPSCI,61C,LEC,001
2011-D-26518,COMPSCI,162,LEC,001
2011-D-26599,COMPSCI,188,LEC,001
2011-D-36272,GEOG,C110,LEC,001
2011-D-39564,HISTORY,151C,LEC,001
2011-D-39612,HISTORY,167A,LEC,001
2011-D-39621,HISTORY,C187,LEC,001
2011-D-45024,ISF,C101,LEC,001
2011-D-4789,ART,23AC,LEC,001
2011-D-52055,L & S,C70V,LEC,001
2011-D-52094,L & S,C70Y,LEC,001
2011-D-52097,L & S,C140V,LEC,001
2011-D-53804,MATH,16A,LEC,001
2011-D-53861,MATH,16A,LEC,002
2011-D-53900,MATH,16B,LEC,001
2011-D-56174,MEC ENG,C218,LEC,001
2011-D-5967,ASTRON,10,LEC,002
2011-D-67124,PHILOS,3,LEC,001
2011-D-69414,PHYSICS,C10,LEC,001
2011-D-73953,PSYCH,101,LEC,001
2011-D-7403,BIOLOGY,1A,LEC,001
2011-D-7484,BIOLOGY,1AL,LEC,001
2011-D-7559,BIOLOGY,1B,LEC,001
2011-D-76121,PB HLTH,200C2,LEC,001
2011-D-76232,PB HLTH,250A,LEC,001
2011-D-76250,PB HLTH,250B,LEC,001
2011-D-87402,STAT,20,LEC,002
2012-B-11009,CHEM,1A,LEC,002
2012-B-1203,ENVECON,C1,LEC,001
2012-B-14008,CIV ENG,120,LEC,001
2012-B-16072,COG SCI,C103,LEC,001
2012-B-2003,AMERSTD,10AC,LEC,001
2012-B-22372,ECON,C3,LEC,001
2012-B-22492,ECON,104,LEC,001
2012-B-25479,EL ENG,140,LEC,001
2012-B-25539,EL ENG,C149,LEC,001
2012-B-26227,COMPSCI,10,LEC,001
2012-B-26266,COMPSCI,61A,LEC,001
2012-B-26515,COMPSCI,C149,LEC,001
2012-B-26575,COMPSCI,162,LEC,001
2012-B-26593,COMPSCI,164,LEC,001
2012-B-26605,COMPSCI,169,LEC,001
2012-B-26614,COMPSCI,170,LEC,001
2012-B-26668,COMPSCI,188,LEC,001
2012-B-29420,ESPM,114,LEC,001
2012-B-39606,HISTORY,162A,LEC,001
2012-B-39687,HISTORY,C192,LEC,001
2012-B-42509,INFO,C103,LEC,001
2012-B-48038,JOURN,102AC,LEC,001
2012-B-51590,LEGALST,145,LEC,001
2012-B-51620,LEGALST,160,LEC,001
2012-B-51905,L & S,C70V,LEC,001
2012-B-56739,MEDIAST,104A,LEC,001
2012-B-56742,MEDIAST,C104C,LEC,001
2012-B-6072,ASTRON,250,LEC,001
2012-B-69366,PHYSICS,C10,LEC,001
2012-B-69483,PHYSICS,112,LEC,001
2012-B-70540,PLANTBI,160,LEC,001
2012-B-7403,BIOLOGY,1A,LEC,001
2012-B-7484,BIOLOGY,1AL,LEC,001
2012-B-7559,BIOLOGY,1B,LEC,001
2012-B-76238,PB HLTH,241,LEC,001
2012-D-11003,CHEM,1A,LEC,001
2012-D-11309,CHEM,3B,LEC,002
2012-D-1203,ENVECON,C1,LEC,001
2012-D-1290,ENVECON,145,LEC,001
2012-D-19030,EPS,C20,LEC,001
2012-D-22378,ECON,C3,LEC,001
2012-D-22639,ECON,140,LEC,001
2012-D-25099,EL ENG,42,LEC,001
2012-D-25147,EL ENG,100,LEC,001
2012-D-25195,EL ENG,105,LEC,001
2012-D-25303,EL ENG,130,LEC,001
2012-D-25675,EL ENG,230M,LEC,001
2012-D-25705,EL ENG,C245,LEC,001
2012-D-26127,COMPSCI,10,LEC,001
2012-D-26190,COMPSCI,61A,LEC,001
2012-D-26289,COMPSCI,61B,LEC,001
2012-D-26427,COMPSCI,70,LEC,001
2012-D-26547,COMPSCI,162,LEC,001
2012-D-26580,COMPSCI,169,LEC,001
2012-D-26622,COMPSCI,184,LEC,001
2012-D-39546,HISTORY,124A,LEC,001
2012-D-39645,HISTORY,162A,LEC,001
2012-D-46448,IAS,106,LEC,001
2012-D-46538,IAS,206,LEC,001
2012-D-51608,LEGALST,163,LEC,001
2012-D-51956,L & S,C70V,LEC,001
2012-D-51995,L & S,C70Y,LEC,001
2012-D-56254,MEC ENG,C218,LEC,001
2012-D-56260,MEC ENG,220,LEC,001
2012-D-64009,NUC ENG,101,LEC,001
2012-D-67127,PHILOS,3,LEC,001
2012-D-67298,PHILOS,135,LEC,001
2012-D-69069,PHYSICS,H7C,LEC,001
2012-D-69432,PHYSICS,C10,LEC,001
2012-D-7058,BIO ENG,200,SEM,002
2012-D-7303,BIOLOGY,1A,LEC,001
2012-D-7402,BIOLOGY,1AL,LEC,001
2012-D-7495,BIOLOGY,1B,LEC,001
2012-D-76094,PB HLTH,200C2,LEC,001
2012-D-76097,PB HLTH,200C2,DIS,101
2012-D-76205,PB HLTH,250A,LEC,001
2012-D-76223,PB HLTH,250B,LEC,001
2012-D-76304,PB HLTH,290,SEM,001
2012-D-81603,SOCIOL,1,LEC,001
2013-B-1278,ENVECON,C180,LEC,001
2013-B-16090,COG SCI,C102,LEC,001
2013-B-16111,COG SCI,C103,LEC,001
2013-B-22528,ECON,113,LEC,001
2013-B-22702,ECON,174,LEC,001
2013-B-23074,ECON,274,LEC,001
2013-B-23743,EDUC,182AC,LEC,001
2013-B-25219,EL ENG,105,LEC,001
2013-B-26193,COMPSCI,61A,LEC,001
2013-B-26274,COMPSCI,61B,LEC,001
2013-B-26574,COMPSCI,162,LEC,001
2013-B-26694,COMPSCI,194,LEC,024
2013-B-27383,"ENE,RES",C180,LEC,001
2013-B-27425,"ENE,RES",280,LEC,001
2013-B-29342,ESPM,114,LEC,001
2013-B-39060,HISTORY,5,LEC,001
2013-B-39621,HISTORY,151C,LEC,001
2013-B-39633,HISTORY,158B,LEC,001
2013-B-39744,HISTORY,C192,LEC,001
2013-B-41506,INFO,C103,LEC,001
2013-B-4303,ART,8,LEC,001
2013-B-51947,L & S,C70V,LEC,001
2013-B-55519,MEC ENG,106,LEC,001
2013-B-56742,MEDIAST,104A,LEC,001
2013-B-56745,MEDIAST,C104C,LEC,001
2013-B-608,AFRICAM,107,LEC,001
2013-B-61459,NE STUD,15,LEC,001
2013-B-69183,PHYSICS,8A,LEC,002
2013-B-69438,PHYSICS,C10,LEC,001
2013-B-7040,BIO ENG,200,SEM,001
2013-B-71850,POL SCI,149F,LEC,001
2013-B-7303,BIOLOGY,1A,LEC,001
2013-B-7405,BIOLOGY,1AL,LEC,001
2013-B-74139,PSYCH,C129,LEC,001
2013-B-74250,PSYCH,140,LEC,001
2013-B-7498,BIOLOGY,1B,LEC,001
2013-B-76159,PB HLTH,241,LEC,001
2013-B-77053,PB HLTH,C242C,LEC,001
2013-B-87683,STAT,C247C,LEC,001
2013-D-1203,ENVECON,C1,LEC,001
2013-D-1251,ENVECON,C115,LEC,001
2013-D-19042,EPS,C20,LEC,001
2013-D-22303,ECON,1,LEC,001
2013-D-22378,ECON,C3,LEC,001
2013-D-22576,ECON,119,LEC,001
2013-D-25315,EL ENG,130,LEC,001
2013-D-25330,EL ENG,140,LEC,001
2013-D-26100,COMPSCI,294,LEC,073
2013-D-26187,COMPSCI,61A,LEC,001
2013-D-26316,COMPSCI,61B,LEC,001
2013-D-26472,COMPSCI,70,LEC,001
2013-D-26637,COMPSCI,162,LEC,001
2013-D-26670,COMPSCI,169,LEC,001
2013-D-26682,COMPSCI,170,LEC,001
2013-D-29169,ESPM,C104,LEC,001
2013-D-29208,ESPM,117,LEC,001
2013-D-29211,ESPM,117,LAB,101
2013-D-39603,HISTORY,162A,LEC,001
2013-D-4303,ART,8,LEC,001
2013-D-51962,L & S,C70V,LEC,001
2013-D-52013,L & S,120C,LEC,001
2013-D-53712,MATH,16A,LEC,002
2013-D-64012,NUC ENG,101,LEC,001
2013-D-64503,NUSCTX,10,LEC,001
2013-D-67118,PHILOS,3,LEC,001
2013-D-69194,PHYSICS,8B,LEC,001
2013-D-69338,PHYSICS,C10,LEC,001
2013-D-69521,PHYSICS,151,LEC,001
2013-D-7112,BIO ENG,200,SEM,002
2013-D-73803,PSYCH,1,LEC,001
2013-D-7403,BIOLOGY,1A,LEC,001
2013-D-74193,PSYCH,130,LEC,001
2013-D-74433,PSYCH,160,LEC,001
2013-D-7502,BIOLOGY,1AL,LEC,001
2013-D-7592,BIOLOGY,1B,LEC,001
2013-D-76105,PB HLTH,250A,LEC,001
2013-D-76123,PB HLTH,250B,LEC,001
2013-D-81717,SOCIOL,101,LEC,001
2013-D-87537,STAT,133,LEC,002
2014-B-11147,CHEM,1AL,LEC,001
2014-B-16090,COG SCI,C103,LEC,001
2014-B-2057,AMERSTD,C132B,LEC,001
2014-B-22393,ECON,C3,LEC,001
2014-B-22696,ECON,172,LEC,001
2014-B-25177,EL ENG,127,LEC,001
2014-B-25192,EL ENG,130,LEC,001
2014-B-25216,EL ENG,140,LEC,001
2014-B-26024,COMPSCI,10,LEC,001
2014-B-26096,COMPSCI,61A,LEC,001
2014-B-26216,COMPSCI,61B,LEC,001
2014-B-26333,COMPSCI,61C,LEC,001
2014-B-27678,ENGIN,45,LEC,001
2014-B-29392,ESPM,114,LEC,001
2014-B-3815,ARCH,180AC,LEC,001
2014-B-39648,HISTORY,162B,LEC,001
2014-B-46436,IAS,106,LEC,001
2014-B-48015,JOURN,C101,LEC,001
2014-B-53592,MATH,10B,LEC,001
2014-B-54186,MATH,128A,LEC,001
2014-B-56263,MEC ENG,233,LEC,001
2014-B-5915,ASTRON,C10,LEC,001
2014-B-64596,NUSCTX,11,LEC,001
2014-B-67301,PHILOS,135,LEC,001
2014-B-69344,PHYSICS,C10,LEC,001
2014-B-7049,BIO ENG,200,SEM,001
2014-B-71859,POL SCI,179,LEC,001
2014-B-7403,BIOLOGY,1A,LEC,001
2014-B-74163,PSYCH,131,LEC,001
2014-B-74193,PSYCH,140,LEC,001
2014-B-74253,PSYCH,164,LEC,001
2014-B-7502,BIOLOGY,1AL,LEC,001
2014-B-7592,BIOLOGY,1B,LEC,001
2014-B-76207,PB HLTH,241,LEC,001
2014-B-81756,SOCIOL,102,LEC,001
2014-B-87432,STAT,131A,LEC,001
2014-D-10446,CHM ENG,179,LEC,001
2014-D-11408,CHEM,3B,LEC,002
2014-D-1251,ENVECON,C115,LEC,001
2014-D-12698,CHEM,200,LEC,001
2014-D-1272,ENVECON,145,LEC,001
2014-D-14099,CIV ENG,100,LEC,001
2014-D-14117,CIV ENG,111,LEC,001
2014-D-16035,COG SCI,C102,LEC,001
2014-D-1668,"A,RESEC",213,LEC,001
2014-D-18212,DEMOG,C126,LEC,001
2014-D-19042,EPS,C20,LEC,001
2014-D-20527,EA LANG,109,LEC,001
2014-D-2065,AMERSTD,C132B,LEC,001
2014-D-21039,JAPAN,7A,LEC,001
2014-D-22303,ECON,1,LEC,001
2014-D-22378,ECON,C3,LEC,001
2014-D-22441,ECON,100B,LEC,001
2014-D-22510,ECON,C102,LEC,001
2014-D-22564,ECON,119,LEC,001
2014-D-22618,ECON,140,LEC,001
2014-D-24824,EL ENG,143,LEC,001
2014-D-25193,EL ENG,227BT,LEC,001
2014-D-2552,ANTHRO,107,LEC,001
2014-D-25674,COMPSCI,10,LEC,001
2014-D-25752,COMPSCI,61A,LEC,001
2014-D-25926,COMPSCI,61B,LEC,001
2014-D-26007,COMPSCI,61C,LEC,001
2014-D-26130,COMPSCI,70,LEC,001
2014-D-26259,COMPSCI,C149,LEC,001
2014-D-24869,EL ENG,C149,LEC,001
2014-D-25280,EL ENG,C249A,LEC,001
2014-D-26694,COMPSCI,C249A,LEC,001
2014-D-26316,COMPSCI,162,LEC,001
2014-D-26364,COMPSCI,170,LEC,001
2014-D-26454,COMPSCI,188,LEC,001
2014-D-27099,COMPSCI,61B,LEC,003
2014-D-27240,"ENE,RES",C200,LEC,001
2014-D-27174,"ENE,RES",C100,LEC,001
2014-D-77130,PUB POL,C184,LEC,001
2014-D-77286,PUB POL,C284,LEC,001
2014-D-27403,ENGIN,7,LEC,001
2014-D-27406,ENGIN,7,LEC,002
2014-D-28067,ENGLISH,127,LEC,001
2014-D-32963,GWS,130AC,LEC,001
2014-D-39063,HISTORY,5,LEC,001
2014-D-39672,HISTORY,162A,LEC,001
2014-D-41084,IND ENG,191,LEC,001
2014-D-4303,ART,8,LEC,001
2014-D-51533,LEGALST,103,LEC,001
2014-D-51605,LEGALST,163,LEC,001
2014-D-51731,LEGALST,198,LEC,004
2014-D-51959,L & S,C70V,LEC,001
2014-D-52321,LINGUIS,5,LEC,001
2014-D-53552,MATH,10A,LEC,001
2014-D-53903,MATH,54,LEC,001
2014-D-57503,MCELLBI,32,LEC,001
2014-D-57536,MCELLBI,32L,LEC,001
2014-D-5936,ASTRON,C12,LEC,001
2014-D-5975,ASTRON,C13,LEC,001
2014-D-64015,NUC ENG,101,LEC,001
2014-D-64503,NUSCTX,10,LEC,001
2014-D-67103,PHILOS,3,LEC,001
2014-D-67133,PHILOS,12A,LEC,001
2014-D-68403,PHYSICS,7A,LEC,001
2014-D-68637,PHYSICS,7B,LEC,001
2014-D-69135,PHYSICS,8B,LEC,001
2014-D-69186,PHYSICS,8B,LEC,002
2014-D-7062,BIO ENG,200,SEM,002
2014-D-71826,POL SCI,179,LEC,001
2014-D-7353,BIOLOGY,1A,LEC,001
2014-D-74148,PSYCH,102,LEC,001
2014-D-74187,PSYCH,125,LEC,001
2014-D-74250,PSYCH,131,LEC,001
2014-D-74307,PSYCH,160,LEC,001
2014-D-7452,BIOLOGY,1AL,LEC,001
2014-D-7542,BIOLOGY,1B,LEC,001
2014-D-75607,PB HLTH,150D,LEC,001
2014-D-75673,PB HLTH,181,LEC,001
2014-D-76024,PB HLTH,200C2,LEC,001
2014-D-76129,PB HLTH,245,LEC,001
2014-D-76147,PB HLTH,250A,LEC,001
2014-D-76165,PB HLTH,250B,LEC,001
2014-D-81603,SOCIOL,1,LEC,001
2014-D-81816,SOCIOL,120,LEC,001
2014-D-81894,SOCIOL,160,LEC,001
2014-D-87303,STAT,2,LEC,001
2014-D-87369,STAT,20,LEC,001
2014-D-87438,STAT,21,LEC,001
2015-B-14129,CIV ENG,114,LEC,001
2015-B-16039,COG SCI,C100,LEC,001
2015-B-16090,COG SCI,C103,LEC,001
2015-B-19015,EPS,50,LEC,001
2015-B-19231,EPS,255,LEC,001
2015-B-21024,JAPAN,7B,LEC,001
2015-B-22393,ECON,C3,LEC,001
2015-B-22462,ECON,100B,LEC,001
2015-B-22540,ECON,113,LEC,001
2015-B-22684,ECON,152,LEC,001
2015-B-23113,ECON,270D,LEC,001
2015-B-24737,EL ENG,123,LEC,001
2015-B-25250,EL ENG,C247B,LEC,001
2015-B-25674,COMPSCI,10,LEC,001
2015-B-25709,COMPSCI,98,GRP,052
2015-B-25755,COMPSCI,61A,LEC,001
2015-B-25917,COMPSCI,61B,LEC,002
2015-B-26088,COMPSCI,61C,LEC,001
2015-B-26175,COMPSCI,70,LEC,001
2015-B-26331,COMPSCI,161,LEC,001
2015-B-26358,COMPSCI,162,LEC,001
2015-B-26412,COMPSCI,169,LEC,001
2015-B-26433,COMPSCI,170,LEC,001
2015-B-26517,COMPSCI,186,LEC,001
2015-B-26550,COMPSCI,188,LEC,001
2015-B-26586,COMPSCI,189,LEC,001
2015-B-26874,COMPSCI,289A,LEC,001
2015-B-26619,COMPSCI,195,LEC,001
2015-B-26880,COMPSCI,294,LEC,101
2015-B-27472,ENGIN,27,LEC,001
2015-B-28827,ESPM,C11,LEC,001
2015-B-29340,ESPM,114,LEC,001
2015-B-36269,GEOG,130,LEC,001
2015-B-39501,HISTORY,108,LEC,001
2015-B-41069,IND ENG,191,LEC,001
2015-B-46439,IAS,106,LEC,001
2015-B-51975,L & S,70B,LEC,001
2015-B-52071,L & S,C70V,LEC,001
2015-B-52553,LINGUIS,C146,LEC,001
2015-B-53507,MATH,10B,LEC,001
2015-B-55307,MEC ENG,101,LEC,001
2015-B-55451,MEC ENG,122,LEC,001
2015-B-56742,MEDIAST,104A,LEC,001
2015-B-5915,ASTRON,C10,LEC,001
2015-B-64503,NUSCTX,10,LEC,001
2015-B-64596,NUSCTX,11,LEC,001
2015-B-68610,PHYSICS,7B,LEC,001
2015-B-68748,PHYSICS,7B,LEC,003
2015-B-69069,PHYSICS,8B,LEC,001
2015-B-6926,BIO ENG,200,SEM,001
2015-B-70552,PLANTBI,160,LEC,001
2015-B-71838,POL SCI,179,LEC,001
2015-B-7203,BIOLOGY,1A,LEC,001
2015-B-7302,BIOLOGY,1AL,LEC,001
2015-B-73603,PSYCH,1,LEC,001
2015-B-7392,BIOLOGY,1B,LEC,001
2015-B-74080,PSYCH,131,LEC,001
2015-B-74110,PSYCH,140,LEC,001
2015-B-75464,PB HLTH,142,LEC,001
2015-B-75527,PB HLTH,150E,LEC,001
2015-B-76076,PB HLTH,241,LEC,001
2015-B-81789,SOCIOL,114,LEC,001
2015-B-87489,STAT,131A,LEC,001
2015-D-10420,CHM ENG,162,LEC,001
2015-D-11318,CHEM,1AL,LEC,003
2015-D-11573,CHEM,3B,LEC,002
2015-D-1251,ENVECON,C115,LEC,001
2015-D-1269,ENVECON,145,LEC,001
2015-D-13064,CHEM,200,LEC,001
2015-D-14695,CIV ENG,70,LEC,001
2015-D-16048,COG SCI,C127,LEC,001
2015-D-1668,"A,RESEC",213,LEC,001
2015-D-18218,DEMOG,C126,LEC,001
2015-D-22303,ECON,1,LEC,001
2015-D-22378,ECON,C3,LEC,001
2015-D-22447,ECON,100B,LEC,001
2015-D-22519,ECON,C102,LEC,001
2015-D-22594,ECON,119,LEC,001
2015-D-25380,EL ENG,240A,LEC,001
2015-D-25824,COMPSCI,10,LEC,001
2015-D-25864,COMPSCI,198,GRP,056
2015-D-25911,COMPSCI,61A,LEC,001
2015-D-26103,COMPSCI,61B,LEC,001
2015-D-26190,COMPSCI,61C,LEC,001
2015-D-26337,COMPSCI,70,LEC,001
2015-D-26556,COMPSCI,162,LEC,001
2015-D-26661,COMPSCI,170,LEC,001
2015-D-26757,COMPSCI,186,LEC,001
2015-D-26799,COMPSCI,188,LEC,001
2015-D-26847,COMPSCI,189,LEC,001
2015-D-26878,COMPSCI,194,LEC,026
2015-D-26883,COMPSCI,195,LEC,001
2015-D-27105,COMPSCI,C249A,LEC,001
2015-D-27574,"ENE,RES",C100,LEC,001
2015-D-27803,ENGIN,7,LEC,001
2015-D-27842,ENGIN,25,LEC,001
2015-D-27872,ENGIN,27,LEC,001
2015-D-27940,ENGIN,115,LEC,001
2015-D-29204,ESPM,15,LEC,001
2015-D-29606,ESPM,161,LEC,001
2015-D-32975,GWS,130AC,LEC,001
2015-D-39042,HISTORY,3,LEC,001
2015-D-39084,HISTORY,5,LEC,001
2015-D-39716,HISTORY,130,LEC,001
2015-D-39870,HISTORY,162A,LEC,001
2015-D-41090,IND ENG,191,LEC,001
2015-D-41158,IND ENG,241,LEC,002
2015-D-46475,IAS,150,LEC,001
2015-D-51536,LEGALST,103,LEC,001
2015-D-51602,LEGALST,163,LEC,001
2015-D-52119,L & S,C70V,LEC,001
2015-D-53888,MATH,53,LEC,002
2015-D-54002,MATH,54,LEC,002
2015-D-55662,MEC ENG,119,LEC,001
2015-D-57503,MCELLBI,32,LEC,001
2015-D-57539,MCELLBI,32L,LEC,001
2015-D-58160,MCELLBI,110,LEC,001
2015-D-5915,ASTRON,C10,LEC,001
2015-D-64074,NUC ENG,210M,LEC,001
2015-D-64503,NUSCTX,10,LEC,001
2015-D-68829,PHYSICS,7C,LEC,001
2015-D-68877,PHYSICS,8A,LEC,001
2015-D-68970,PHYSICS,8A,LEC,002
2015-D-69093,PHYSICS,8B,LEC,001
2015-D-69144,PHYSICS,8B,LEC,002
2015-D-7000,BIO ENG,200,SEM,002
2015-D-71934,POL SCI,179,LEC,001
2015-D-7253,BIOLOGY,1A,LEC,001
2015-D-7358,BIOLOGY,1AL,LEC,001
2015-D-73605,PSYCH,10,LEC,001
2015-D-73875,PSYCH,102,LEC,001
2015-D-74016,PSYCH,131,LEC,001
2015-D-74145,PSYCH,160,LEC,001
2015-D-74184,PSYCH,164,LEC,001
2015-D-7442,BIOLOGY,1B,LEC,001
2015-D-74718,PSYCH,205,LEC,001
2015-D-75400,PB HLTH,142,LEC,002
2015-D-75473,PB HLTH,C155,LEC,001
2015-D-75509,PB HLTH,181,LEC,001
2015-D-75968,PB HLTH,235,LEC,001
2015-D-75989,PB HLTH,C242C,LEC,001
2015-D-76007,PB HLTH,245,LEC,001
2015-D-76025,PB HLTH,250A,LEC,001
2015-D-76043,PB HLTH,250B,LEC,001
2015-D-76144,PB HLTH,290,SEM,011
2015-D-81903,SOCIOL,1,LEC,001
2015-D-82110,SOCIOL,120,LEC,001
2015-D-87303,STAT,2,LEC,001
2015-D-87363,STAT,20,LEC,001
2016-B-11456,CHEM,1A,LEC,002
2016-B-11672,CHEM,3A,LEC,001
2016-B-11990,CHEM,120A,LEC,001
2016-B-14707,CIV ENG,100,LEC,001
2016-B-16072,COG SCI,C103,LEC,001
2016-B-22302,ECON,1,LEC,001
2016-B-22374,ECON,C3,LEC,001
2016-B-22424,ECON,100B,LEC,001
2016-B-22560,ECON,140,LEC,001
2016-B-22586,ECON,152,LEC,001
2016-B-22592,ECON,157,LEC,001
2016-B-22812,ECON,201B,LEC,001
2016-B-24825,EL ENG,123,LEC,001
2016-B-25802,COMPSCI,C8,LEC,001
2016-B-25813,COMPSCI,198,GRP,047
2016-B-25821,COMPSCI,10,LEC,001
2016-B-25902,COMPSCI,61A,LEC,001
2016-B-26052,COMPSCI,61B,LEC,001
2016-B-26235,COMPSCI,61C,LEC,001
2016-B-26310,COMPSCI,70,LEC,001
2016-B-26481,COMPSCI,161,LEC,001
2016-B-26520,COMPSCI,162,LEC,001
2016-B-26619,COMPSCI,169,LEC,001
2016-B-26745,COMPSCI,186,LEC,001
2016-B-26826,COMPSCI,189,LEC,001
2016-B-26871,COMPSCI,195,LEC,001
2016-B-27393,COMPSCI,399,IND,020
2016-B-27420,COMPSCI,399,IND,029
2016-B-27803,ENGIN,7,LEC,001
2016-B-27851,ENGIN,25,LEC,001
2016-B-27869,ENGIN,27,LEC,001
2016-B-28282,ENGLISH,45C,LEC,001
2016-B-29206,ESPM,C46,LEC,001
2016-B-29532,ESPM,114,LEC,001
2016-B-36287,GEOG,130,LEC,001
2016-B-39246,HISTORY,100AC,LEC,001
2016-B-39642,HISTORY,C188C,LEC,001
2016-B-41009,IND ENG,131,LEC,001
2016-B-42133,INTEGBI,31,LEC,001
2016-B-51659,LEGALST,177,LEC,001
2016-B-52568,LINGUIS,C146,LEC,001
2016-B-53399,MATH,1B,LEC,002
2016-B-53891,MATH,54,LEC,002
2016-B-55407,MEC ENG,101,LEC,001
2016-B-56742,MEDIAST,104A,LEC,001
2016-B-58163,MCELLBI,110,LEC,001
2016-B-58286,MCELLBI,C148,LEC,001
2016-B-5903,ASTRON,7B,LEC,001
2016-B-64503,NUSCTX,10,LEC,001
2016-B-67106,PHILOS,3,LEC,001
2016-B-67151,PHILOS,12A,LEC,001
2016-B-67271,PHILOS,132,LEC,001
2016-B-68673,PHYSICS,7B,LEC,002
2016-B-68832,PHYSICS,7C,LEC,001
2016-B-68883,PHYSICS,8A,LEC,001
2016-B-68970,PHYSICS,8A,LEC,002
2016-B-69069,PHYSICS,8B,LEC,001
2016-B-69138,PHYSICS,8B,LEC,002
2016-B-69456,PHYSICS,139,LEC,001
2016-B-69465,PHYSICS,141A,LEC,001
2016-B-70504,PLANTBI,160,LEC,001
2016-B-71586,POL SCI,111AC,LEC,001
2016-B-71841,POL SCI,179,LEC,001
2016-B-7253,BIOLOGY,1A,LEC,001
2016-B-73503,PSYCH,1,LEC,001
2016-B-7358,BIOLOGY,1AL,LEC,001
2016-B-73851,PSYCH,121,LEC,001
2016-B-73863,PSYCH,125,LEC,001
2016-B-73944,PSYCH,131,LEC,001
2016-B-73995,PSYCH,140,LEC,001
2016-B-74016,PSYCH,141,LEC,001
2016-B-74103,PSYCH,160,LEC,001
2016-B-7448,BIOLOGY,1B,LEC,001
2016-B-75203,PB HLTH,14,LEC,001
2016-B-75503,PB HLTH,142,LEC,001
2016-B-75695,PB HLTH,196,LEC,003
2016-B-76085,PB HLTH,200C3,LEC,001
2016-B-76208,PB HLTH,241,LEC,001
2016-B-76232,PB HLTH,252D,LEC,001
2016-B-76268,PB HLTH,260B,LEC,001
2016-B-87360,STAT,20,LEC,001
2016-B-87792,STAT,230A,LEC,001
